Filename: /home/cc/src/personalized-zkp-rdflib/src/zkp-sparql/main.py

Line #    Mem usage    Increment  Occurrences   Line Contents
=============================================================
    75    181.5 MiB    181.5 MiB           1   @profile(stream=fp)
    76                                         def perform_zkp_circuit(graph: Graph, query: str, params: dict, is_single=False):
    77    181.5 MiB      0.0 MiB           1       stage_extracter = StageExtracter()
    78    181.5 MiB      0.0 MiB           1       rdflib.plugins.sparql.CUSTOM_EVALS["ZKPQueryEval"] = stage_extracter.ZKPQueryEval
    79    181.5 MiB      0.0 MiB           1       print_and_write(f"INFO: Param proof {params['proof']}...")
    80                                         
    81    181.5 MiB      0.0 MiB           1       start = time.time()
    82    186.0 MiB      4.5 MiB           1       results = process_query(graph, query)
    83    186.0 MiB      0.0 MiB           1       print_and_write(f"INFO: Number of query results: {len(list(results))}")
    84    186.0 MiB      0.0 MiB           1       end = time.time()
    85    186.0 MiB      0.0 MiB           1       print_and_write(f"INFO: Query execution time: {end - start}\n")
    86                                             
    87    186.0 MiB      0.0 MiB           1       start = time.time()
    88    186.0 MiB      0.0 MiB           1       if is_single:
    89                                                 zkp_exe_results = ZKPSingleHandler(stage_extracter.get_stage_vals()).build()
    90                                             else:
    91    302.9 MiB    116.9 MiB           1           zkp_exe_results = ZKPSuperHandler(stage_extracter.get_stage_vals(), params).build(log_path=LOG_FILE)
    92    302.9 MiB      0.0 MiB           1       end = time.time()
    93    302.9 MiB      0.0 MiB           1       print_and_write(f"INFO: perform_zkp execution time: {end - start}\n")
    94                                             
    95    302.9 MiB      0.0 MiB           1       return zkp_exe_results


Filename: /home/cc/src/personalized-zkp-rdflib/src/zkp-sparql/main.py

Line #    Mem usage    Increment  Occurrences   Line Contents
=============================================================
    75    302.9 MiB    302.9 MiB           1   @profile(stream=fp)
    76                                         def perform_zkp_circuit(graph: Graph, query: str, params: dict, is_single=False):
    77    302.9 MiB      0.0 MiB           1       stage_extracter = StageExtracter()
    78    302.9 MiB      0.0 MiB           1       rdflib.plugins.sparql.CUSTOM_EVALS["ZKPQueryEval"] = stage_extracter.ZKPQueryEval
    79    302.9 MiB      0.0 MiB           1       print_and_write(f"INFO: Param proof {params['proof']}...")
    80                                         
    81    302.9 MiB      0.0 MiB           1       start = time.time()
    82    302.9 MiB      0.0 MiB           1       results = process_query(graph, query)
    83    302.9 MiB      0.0 MiB           1       print_and_write(f"INFO: Number of query results: {len(list(results))}")
    84    302.9 MiB      0.0 MiB           1       end = time.time()
    85    302.9 MiB      0.0 MiB           1       print_and_write(f"INFO: Query execution time: {end - start}\n")
    86                                             
    87    302.9 MiB      0.0 MiB           1       start = time.time()
    88    302.9 MiB      0.0 MiB           1       if is_single:
    89                                                 zkp_exe_results = ZKPSingleHandler(stage_extracter.get_stage_vals()).build()
    90                                             else:
    91    282.5 MiB    -20.4 MiB           1           zkp_exe_results = ZKPSuperHandler(stage_extracter.get_stage_vals(), params).build(log_path=LOG_FILE)
    92    282.5 MiB      0.0 MiB           1       end = time.time()
    93    282.5 MiB      0.0 MiB           1       print_and_write(f"INFO: perform_zkp execution time: {end - start}\n")
    94                                             
    95    282.5 MiB      0.0 MiB           1       return zkp_exe_results


Filename: /home/cc/src/personalized-zkp-rdflib/src/zkp-sparql/main.py

Line #    Mem usage    Increment  Occurrences   Line Contents
=============================================================
    75    282.5 MiB    282.5 MiB           1   @profile(stream=fp)
    76                                         def perform_zkp_circuit(graph: Graph, query: str, params: dict, is_single=False):
    77    282.5 MiB      0.0 MiB           1       stage_extracter = StageExtracter()
    78    282.5 MiB      0.0 MiB           1       rdflib.plugins.sparql.CUSTOM_EVALS["ZKPQueryEval"] = stage_extracter.ZKPQueryEval
    79    282.5 MiB      0.0 MiB           1       print_and_write(f"INFO: Param proof {params['proof']}...")
    80                                         
    81    282.5 MiB      0.0 MiB           1       start = time.time()
    82    282.5 MiB      0.0 MiB           1       results = process_query(graph, query)
    83    282.5 MiB      0.0 MiB           1       print_and_write(f"INFO: Number of query results: {len(list(results))}")
    84    282.5 MiB      0.0 MiB           1       end = time.time()
    85    282.5 MiB      0.0 MiB           1       print_and_write(f"INFO: Query execution time: {end - start}\n")
    86                                             
    87    282.5 MiB      0.0 MiB           1       start = time.time()
    88    282.5 MiB      0.0 MiB           1       if is_single:
    89                                                 zkp_exe_results = ZKPSingleHandler(stage_extracter.get_stage_vals()).build()
    90                                             else:
    91    764.6 MiB    482.0 MiB           1           zkp_exe_results = ZKPSuperHandler(stage_extracter.get_stage_vals(), params).build(log_path=LOG_FILE)
    92    764.6 MiB      0.0 MiB           1       end = time.time()
    93    764.6 MiB      0.0 MiB           1       print_and_write(f"INFO: perform_zkp execution time: {end - start}\n")
    94                                             
    95    764.6 MiB      0.0 MiB           1       return zkp_exe_results


Filename: /home/cc/src/personalized-zkp-rdflib/src/zkp-sparql/main.py

Line #    Mem usage    Increment  Occurrences   Line Contents
=============================================================
    75    764.6 MiB    764.6 MiB           1   @profile(stream=fp)
    76                                         def perform_zkp_circuit(graph: Graph, query: str, params: dict, is_single=False):
    77    764.6 MiB      0.0 MiB           1       stage_extracter = StageExtracter()
    78    764.6 MiB      0.0 MiB           1       rdflib.plugins.sparql.CUSTOM_EVALS["ZKPQueryEval"] = stage_extracter.ZKPQueryEval
    79    764.6 MiB      0.0 MiB           1       print_and_write(f"INFO: Param proof {params['proof']}...")
    80                                         
    81    764.6 MiB      0.0 MiB           1       start = time.time()
    82    764.6 MiB      0.0 MiB           1       results = process_query(graph, query)
    83    764.6 MiB      0.0 MiB           1       print_and_write(f"INFO: Number of query results: {len(list(results))}")
    84    764.6 MiB      0.0 MiB           1       end = time.time()
    85    764.6 MiB      0.0 MiB           1       print_and_write(f"INFO: Query execution time: {end - start}\n")
    86                                             
    87    764.6 MiB      0.0 MiB           1       start = time.time()
    88    764.6 MiB      0.0 MiB           1       if is_single:
    89                                                 zkp_exe_results = ZKPSingleHandler(stage_extracter.get_stage_vals()).build()
    90                                             else:
    91    741.5 MiB    -23.1 MiB           1           zkp_exe_results = ZKPSuperHandler(stage_extracter.get_stage_vals(), params).build(log_path=LOG_FILE)
    92    741.5 MiB      0.0 MiB           1       end = time.time()
    93    741.5 MiB      0.0 MiB           1       print_and_write(f"INFO: perform_zkp execution time: {end - start}\n")
    94                                             
    95    741.5 MiB      0.0 MiB           1       return zkp_exe_results


Filename: /home/cc/src/personalized-zkp-rdflib/src/zkp-sparql/main.py

Line #    Mem usage    Increment  Occurrences   Line Contents
=============================================================
    75    741.5 MiB    741.5 MiB           1   @profile(stream=fp)
    76                                         def perform_zkp_circuit(graph: Graph, query: str, params: dict, is_single=False):
    77    741.5 MiB      0.0 MiB           1       stage_extracter = StageExtracter()
    78    741.5 MiB      0.0 MiB           1       rdflib.plugins.sparql.CUSTOM_EVALS["ZKPQueryEval"] = stage_extracter.ZKPQueryEval
    79    741.5 MiB      0.0 MiB           1       print_and_write(f"INFO: Param proof {params['proof']}...")
    80                                         
    81    741.5 MiB      0.0 MiB           1       start = time.time()
    82    743.7 MiB      2.2 MiB           1       results = process_query(graph, query)
    83    743.7 MiB      0.0 MiB           1       print_and_write(f"INFO: Number of query results: {len(list(results))}")
    84    743.7 MiB      0.0 MiB           1       end = time.time()
    85    743.7 MiB      0.0 MiB           1       print_and_write(f"INFO: Query execution time: {end - start}\n")
    86                                             
    87    743.7 MiB      0.0 MiB           1       start = time.time()
    88    743.7 MiB      0.0 MiB           1       if is_single:
    89                                                 zkp_exe_results = ZKPSingleHandler(stage_extracter.get_stage_vals()).build()
    90                                             else:
    91    739.4 MiB     -4.3 MiB           1           zkp_exe_results = ZKPSuperHandler(stage_extracter.get_stage_vals(), params).build(log_path=LOG_FILE)
    92    739.4 MiB      0.0 MiB           1       end = time.time()
    93    739.4 MiB      0.0 MiB           1       print_and_write(f"INFO: perform_zkp execution time: {end - start}\n")
    94                                             
    95    739.4 MiB      0.0 MiB           1       return zkp_exe_results


Filename: /home/cc/src/personalized-zkp-rdflib/src/zkp-sparql/main.py

Line #    Mem usage    Increment  Occurrences   Line Contents
=============================================================
    75    914.5 MiB    914.5 MiB           1   @profile(stream=fp)
    76                                         def perform_zkp_circuit(graph: Graph, query: str, params: dict, is_single=False):
    77    914.5 MiB      0.0 MiB           1       stage_extracter = StageExtracter()
    78    914.5 MiB      0.0 MiB           1       rdflib.plugins.sparql.CUSTOM_EVALS["ZKPQueryEval"] = stage_extracter.ZKPQueryEval
    79    914.5 MiB      0.0 MiB           1       print_and_write(f"INFO: Param proof {params['proof']}...")
    80                                         
    81    914.5 MiB      0.0 MiB           1       start = time.time()
    82    921.3 MiB      6.8 MiB           1       results = process_query(graph, query)
    83    921.7 MiB      0.4 MiB           1       print_and_write(f"INFO: Number of query results: {len(list(results))}")
    84    921.7 MiB      0.0 MiB           1       end = time.time()
    85    921.7 MiB      0.0 MiB           1       print_and_write(f"INFO: Query execution time: {end - start}\n")
    86                                             
    87    921.7 MiB      0.0 MiB           1       start = time.time()
    88    921.7 MiB      0.0 MiB           1       if is_single:
    89                                                 zkp_exe_results = ZKPSingleHandler(stage_extracter.get_stage_vals()).build()
    90                                             else:
    91   1704.7 MiB    783.0 MiB           1           zkp_exe_results = ZKPSuperHandler(stage_extracter.get_stage_vals(), params).build(log_path=LOG_FILE)
    92   1704.7 MiB      0.0 MiB           1       end = time.time()
    93   1704.7 MiB      0.0 MiB           1       print_and_write(f"INFO: perform_zkp execution time: {end - start}\n")
    94                                             
    95   1704.7 MiB      0.0 MiB           1       return zkp_exe_results


Filename: /home/cc/src/personalized-zkp-rdflib/src/zkp-sparql/main.py

Line #    Mem usage    Increment  Occurrences   Line Contents
=============================================================
    75   1704.7 MiB   1704.7 MiB           1   @profile(stream=fp)
    76                                         def perform_zkp_circuit(graph: Graph, query: str, params: dict, is_single=False):
    77   1704.7 MiB      0.0 MiB           1       stage_extracter = StageExtracter()
    78   1704.7 MiB      0.0 MiB           1       rdflib.plugins.sparql.CUSTOM_EVALS["ZKPQueryEval"] = stage_extracter.ZKPQueryEval
    79   1704.7 MiB      0.0 MiB           1       print_and_write(f"INFO: Param proof {params['proof']}...")
    80                                         
    81   1704.7 MiB      0.0 MiB           1       start = time.time()
    82   1704.7 MiB      0.0 MiB           1       results = process_query(graph, query)
    83   1704.7 MiB      0.0 MiB           1       print_and_write(f"INFO: Number of query results: {len(list(results))}")
    84   1704.7 MiB      0.0 MiB           1       end = time.time()
    85   1704.7 MiB      0.0 MiB           1       print_and_write(f"INFO: Query execution time: {end - start}\n")
    86                                             
    87   1704.7 MiB      0.0 MiB           1       start = time.time()
    88   1704.7 MiB      0.0 MiB           1       if is_single:
    89                                                 zkp_exe_results = ZKPSingleHandler(stage_extracter.get_stage_vals()).build()
    90                                             else:
    91   1705.6 MiB      0.9 MiB           1           zkp_exe_results = ZKPSuperHandler(stage_extracter.get_stage_vals(), params).build(log_path=LOG_FILE)
    92   1705.6 MiB      0.0 MiB           1       end = time.time()
    93   1705.6 MiB      0.0 MiB           1       print_and_write(f"INFO: perform_zkp execution time: {end - start}\n")
    94                                             
    95   1705.6 MiB      0.0 MiB           1       return zkp_exe_results


Filename: /home/cc/src/personalized-zkp-rdflib/src/zkp-sparql/main.py

Line #    Mem usage    Increment  Occurrences   Line Contents
=============================================================
    75   1705.6 MiB   1705.6 MiB           1   @profile(stream=fp)
    76                                         def perform_zkp_circuit(graph: Graph, query: str, params: dict, is_single=False):
    77   1705.6 MiB      0.0 MiB           1       stage_extracter = StageExtracter()
    78   1705.6 MiB      0.0 MiB           1       rdflib.plugins.sparql.CUSTOM_EVALS["ZKPQueryEval"] = stage_extracter.ZKPQueryEval
    79   1705.6 MiB      0.0 MiB           1       print_and_write(f"INFO: Param proof {params['proof']}...")
    80                                         
    81   1705.6 MiB      0.0 MiB           1       start = time.time()
    82   1709.3 MiB      3.8 MiB           1       results = process_query(graph, query)
    83   1709.3 MiB      0.0 MiB           1       print_and_write(f"INFO: Number of query results: {len(list(results))}")
    84   1709.3 MiB      0.0 MiB           1       end = time.time()
    85   1709.3 MiB      0.0 MiB           1       print_and_write(f"INFO: Query execution time: {end - start}\n")
    86                                             
    87   1709.3 MiB      0.0 MiB           1       start = time.time()
    88   1709.3 MiB      0.0 MiB           1       if is_single:
    89                                                 zkp_exe_results = ZKPSingleHandler(stage_extracter.get_stage_vals()).build()
    90                                             else:
    91   1709.4 MiB      0.1 MiB           1           zkp_exe_results = ZKPSuperHandler(stage_extracter.get_stage_vals(), params).build(log_path=LOG_FILE)
    92   1709.4 MiB      0.0 MiB           1       end = time.time()
    93   1709.4 MiB      0.0 MiB           1       print_and_write(f"INFO: perform_zkp execution time: {end - start}\n")
    94                                             
    95   1709.4 MiB      0.0 MiB           1       return zkp_exe_results


Filename: /home/cc/src/personalized-zkp-rdflib/src/zkp-sparql/main.py

Line #    Mem usage    Increment  Occurrences   Line Contents
=============================================================
    75   1709.4 MiB   1709.4 MiB           1   @profile(stream=fp)
    76                                         def perform_zkp_circuit(graph: Graph, query: str, params: dict, is_single=False):
    77   1709.4 MiB      0.0 MiB           1       stage_extracter = StageExtracter()
    78   1709.4 MiB      0.0 MiB           1       rdflib.plugins.sparql.CUSTOM_EVALS["ZKPQueryEval"] = stage_extracter.ZKPQueryEval
    79   1709.4 MiB      0.0 MiB           1       print_and_write(f"INFO: Param proof {params['proof']}...")
    80                                         
    81   1709.4 MiB      0.0 MiB           1       start = time.time()
    82   1713.9 MiB      4.5 MiB           1       results = process_query(graph, query)
    83   1713.9 MiB      0.0 MiB           1       print_and_write(f"INFO: Number of query results: {len(list(results))}")
    84   1713.9 MiB      0.0 MiB           1       end = time.time()
    85   1713.9 MiB      0.0 MiB           1       print_and_write(f"INFO: Query execution time: {end - start}\n")
    86                                             
    87   1713.9 MiB      0.0 MiB           1       start = time.time()
    88   1713.9 MiB      0.0 MiB           1       if is_single:
    89                                                 zkp_exe_results = ZKPSingleHandler(stage_extracter.get_stage_vals()).build()
    90                                             else:
    91   1714.1 MiB      0.2 MiB           1           zkp_exe_results = ZKPSuperHandler(stage_extracter.get_stage_vals(), params).build(log_path=LOG_FILE)
    92   1714.1 MiB      0.0 MiB           1       end = time.time()
    93   1714.1 MiB      0.0 MiB           1       print_and_write(f"INFO: perform_zkp execution time: {end - start}\n")
    94                                             
    95   1714.1 MiB      0.0 MiB           1       return zkp_exe_results


Filename: /home/cc/src/personalized-zkp-rdflib/src/zkp-sparql/main.py

Line #    Mem usage    Increment  Occurrences   Line Contents
=============================================================
    75   1714.1 MiB   1714.1 MiB           1   @profile(stream=fp)
    76                                         def perform_zkp_circuit(graph: Graph, query: str, params: dict, is_single=False):
    77   1714.1 MiB      0.0 MiB           1       stage_extracter = StageExtracter()
    78   1714.1 MiB      0.0 MiB           1       rdflib.plugins.sparql.CUSTOM_EVALS["ZKPQueryEval"] = stage_extracter.ZKPQueryEval
    79   1714.1 MiB      0.0 MiB           1       print_and_write(f"INFO: Param proof {params['proof']}...")
    80                                         
    81   1714.1 MiB      0.0 MiB           1       start = time.time()
    82   3835.5 MiB   2121.4 MiB           1       results = process_query(graph, query)
    83   3835.5 MiB      0.0 MiB           1       print_and_write(f"INFO: Number of query results: {len(list(results))}")
    84   3835.5 MiB      0.0 MiB           1       end = time.time()
    85   3835.5 MiB      0.0 MiB           1       print_and_write(f"INFO: Query execution time: {end - start}\n")
    86                                             
    87   3835.5 MiB      0.0 MiB           1       start = time.time()
    88   3835.5 MiB      0.0 MiB           1       if is_single:
    89                                                 zkp_exe_results = ZKPSingleHandler(stage_extracter.get_stage_vals()).build()
    90                                             else:
    91   3828.9 MiB     -6.6 MiB           1           zkp_exe_results = ZKPSuperHandler(stage_extracter.get_stage_vals(), params).build(log_path=LOG_FILE)
    92   3828.9 MiB      0.0 MiB           1       end = time.time()
    93   3828.9 MiB      0.0 MiB           1       print_and_write(f"INFO: perform_zkp execution time: {end - start}\n")
    94                                             
    95   3828.9 MiB      0.0 MiB           1       return zkp_exe_results


Filename: /home/cc/src/personalized-zkp-rdflib/src/zkp-sparql/main.py

Line #    Mem usage    Increment  Occurrences   Line Contents
=============================================================
    75   3929.8 MiB   3929.8 MiB           1   @profile(stream=fp)
    76                                         def perform_zkp_circuit(graph: Graph, query: str, params: dict, is_single=False):
    77   3929.8 MiB      0.0 MiB           1       stage_extracter = StageExtracter()
    78   2542.0 MiB  -1387.8 MiB           1       rdflib.plugins.sparql.CUSTOM_EVALS["ZKPQueryEval"] = stage_extracter.ZKPQueryEval
    79   2542.0 MiB      0.0 MiB           1       print_and_write(f"INFO: Param proof {params['proof']}...")
    80                                         
    81   2542.0 MiB      0.0 MiB           1       start = time.time()
    82   2542.0 MiB      0.0 MiB           1       results = process_query(graph, query)
    83   2542.0 MiB      0.0 MiB           1       print_and_write(f"INFO: Number of query results: {len(list(results))}")
    84   2542.0 MiB      0.0 MiB           1       end = time.time()
    85   2542.0 MiB      0.0 MiB           1       print_and_write(f"INFO: Query execution time: {end - start}\n")
    86                                             
    87   2542.0 MiB      0.0 MiB           1       start = time.time()
    88   2542.0 MiB      0.0 MiB           1       if is_single:
    89                                                 zkp_exe_results = ZKPSingleHandler(stage_extracter.get_stage_vals()).build()
    90                                             else:
    91   2542.9 MiB      0.9 MiB           1           zkp_exe_results = ZKPSuperHandler(stage_extracter.get_stage_vals(), params).build(log_path=LOG_FILE)
    92   2542.9 MiB      0.0 MiB           1       end = time.time()
    93   2542.9 MiB      0.0 MiB           1       print_and_write(f"INFO: perform_zkp execution time: {end - start}\n")
    94                                             
    95   2542.9 MiB      0.0 MiB           1       return zkp_exe_results


Filename: /home/cc/src/personalized-zkp-rdflib/src/zkp-sparql/main.py

Line #    Mem usage    Increment  Occurrences   Line Contents
=============================================================
    75   2542.9 MiB   2542.9 MiB           1   @profile(stream=fp)
    76                                         def perform_zkp_circuit(graph: Graph, query: str, params: dict, is_single=False):
    77   2542.9 MiB      0.0 MiB           1       stage_extracter = StageExtracter()
    78   2542.9 MiB      0.0 MiB           1       rdflib.plugins.sparql.CUSTOM_EVALS["ZKPQueryEval"] = stage_extracter.ZKPQueryEval
    79   2542.9 MiB      0.0 MiB           1       print_and_write(f"INFO: Param proof {params['proof']}...")
    80                                         
    81   2542.9 MiB      0.0 MiB           1       start = time.time()
    82   2542.9 MiB      0.0 MiB           1       results = process_query(graph, query)
    83   2542.9 MiB      0.0 MiB           1       print_and_write(f"INFO: Number of query results: {len(list(results))}")
    84   2542.9 MiB      0.0 MiB           1       end = time.time()
    85   2542.9 MiB      0.0 MiB           1       print_and_write(f"INFO: Query execution time: {end - start}\n")
    86                                             
    87   2542.9 MiB      0.0 MiB           1       start = time.time()
    88   2542.9 MiB      0.0 MiB           1       if is_single:
    89                                                 zkp_exe_results = ZKPSingleHandler(stage_extracter.get_stage_vals()).build()
    90                                             else:
    91   2542.8 MiB     -0.1 MiB           1           zkp_exe_results = ZKPSuperHandler(stage_extracter.get_stage_vals(), params).build(log_path=LOG_FILE)
    92   2542.8 MiB      0.0 MiB           1       end = time.time()
    93   2542.8 MiB      0.0 MiB           1       print_and_write(f"INFO: perform_zkp execution time: {end - start}\n")
    94                                             
    95   2542.8 MiB      0.0 MiB           1       return zkp_exe_results


Filename: /home/cc/src/personalized-zkp-rdflib/src/zkp-sparql/main.py

Line #    Mem usage    Increment  Occurrences   Line Contents
=============================================================
    75   2541.8 MiB   2541.8 MiB           1   @profile(stream=fp)
    76                                         def perform_zkp_circuit(graph: Graph, query: str, params: dict, is_single=False):
    77   2541.8 MiB      0.0 MiB           1       stage_extracter = StageExtracter()
    78   2541.8 MiB      0.0 MiB           1       rdflib.plugins.sparql.CUSTOM_EVALS["ZKPQueryEval"] = stage_extracter.ZKPQueryEval
    79   2541.8 MiB      0.0 MiB           1       print_and_write(f"INFO: Param proof {params['proof']}...")
    80                                         
    81   2541.8 MiB      0.0 MiB           1       start = time.time()
    82   2541.8 MiB      0.0 MiB           1       results = process_query(graph, query)
    83   2541.8 MiB      0.0 MiB           1       print_and_write(f"INFO: Number of query results: {len(list(results))}")
    84   2541.8 MiB      0.0 MiB           1       end = time.time()
    85   2541.8 MiB      0.0 MiB           1       print_and_write(f"INFO: Query execution time: {end - start}\n")
    86                                             
    87   2541.8 MiB      0.0 MiB           1       start = time.time()
    88   2541.8 MiB      0.0 MiB           1       if is_single:
    89                                                 zkp_exe_results = ZKPSingleHandler(stage_extracter.get_stage_vals()).build()
    90                                             else:
    91   2542.2 MiB      0.4 MiB           1           zkp_exe_results = ZKPSuperHandler(stage_extracter.get_stage_vals(), params).build(log_path=LOG_FILE)
    92   2542.2 MiB      0.0 MiB           1       end = time.time()
    93   2542.2 MiB      0.0 MiB           1       print_and_write(f"INFO: perform_zkp execution time: {end - start}\n")
    94                                             
    95   2542.2 MiB      0.0 MiB           1       return zkp_exe_results


Filename: /home/cc/src/personalized-zkp-rdflib/src/zkp-sparql/main.py

Line #    Mem usage    Increment  Occurrences   Line Contents
=============================================================
    75   2542.2 MiB   2542.2 MiB           1   @profile(stream=fp)
    76                                         def perform_zkp_circuit(graph: Graph, query: str, params: dict, is_single=False):
    77   2542.2 MiB      0.0 MiB           1       stage_extracter = StageExtracter()
    78   2542.2 MiB      0.0 MiB           1       rdflib.plugins.sparql.CUSTOM_EVALS["ZKPQueryEval"] = stage_extracter.ZKPQueryEval
    79   2542.2 MiB      0.0 MiB           1       print_and_write(f"INFO: Param proof {params['proof']}...")
    80                                         
    81   2542.2 MiB      0.0 MiB           1       start = time.time()
    82   2542.2 MiB      0.0 MiB           1       results = process_query(graph, query)
    83   2542.2 MiB      0.0 MiB           1       print_and_write(f"INFO: Number of query results: {len(list(results))}")
    84   2542.2 MiB      0.0 MiB           1       end = time.time()
    85   2542.2 MiB      0.0 MiB           1       print_and_write(f"INFO: Query execution time: {end - start}\n")
    86                                             
    87   2542.2 MiB      0.0 MiB           1       start = time.time()
    88   2542.2 MiB      0.0 MiB           1       if is_single:
    89                                                 zkp_exe_results = ZKPSingleHandler(stage_extracter.get_stage_vals()).build()
    90                                             else:
    91   2542.2 MiB      0.0 MiB           1           zkp_exe_results = ZKPSuperHandler(stage_extracter.get_stage_vals(), params).build(log_path=LOG_FILE)
    92   2542.2 MiB      0.0 MiB           1       end = time.time()
    93   2542.2 MiB      0.0 MiB           1       print_and_write(f"INFO: perform_zkp execution time: {end - start}\n")
    94                                             
    95   2542.2 MiB      0.0 MiB           1       return zkp_exe_results


Filename: /home/cc/src/personalized-zkp-rdflib/src/zkp-sparql/main.py

Line #    Mem usage    Increment  Occurrences   Line Contents
=============================================================
    75   2542.2 MiB   2542.2 MiB           1   @profile(stream=fp)
    76                                         def perform_zkp_circuit(graph: Graph, query: str, params: dict, is_single=False):
    77   2542.2 MiB      0.0 MiB           1       stage_extracter = StageExtracter()
    78   2542.2 MiB      0.0 MiB           1       rdflib.plugins.sparql.CUSTOM_EVALS["ZKPQueryEval"] = stage_extracter.ZKPQueryEval
    79   2542.2 MiB      0.0 MiB           1       print_and_write(f"INFO: Param proof {params['proof']}...")
    80                                         
    81   2542.2 MiB      0.0 MiB           1       start = time.time()
    82   2542.2 MiB      0.0 MiB           1       results = process_query(graph, query)
    83   2542.2 MiB      0.0 MiB           1       print_and_write(f"INFO: Number of query results: {len(list(results))}")
    84   2542.2 MiB      0.0 MiB           1       end = time.time()
    85   2542.2 MiB      0.0 MiB           1       print_and_write(f"INFO: Query execution time: {end - start}\n")
    86                                             
    87   2542.2 MiB      0.0 MiB           1       start = time.time()
    88   2542.2 MiB      0.0 MiB           1       if is_single:
    89                                                 zkp_exe_results = ZKPSingleHandler(stage_extracter.get_stage_vals()).build()
    90                                             else:
    91   2542.5 MiB      0.3 MiB           1           zkp_exe_results = ZKPSuperHandler(stage_extracter.get_stage_vals(), params).build(log_path=LOG_FILE)
    92   2542.5 MiB      0.0 MiB           1       end = time.time()
    93   2542.5 MiB      0.0 MiB           1       print_and_write(f"INFO: perform_zkp execution time: {end - start}\n")
    94                                             
    95   2542.5 MiB      0.0 MiB           1       return zkp_exe_results


Filename: /home/cc/src/personalized-zkp-rdflib/src/zkp-sparql/main.py

Line #    Mem usage    Increment  Occurrences   Line Contents
=============================================================
    75   2542.8 MiB   2542.8 MiB           1   @profile(stream=fp)
    76                                         def perform_zkp_circuit(graph: Graph, query: str, params: dict, is_single=False):
    77   2542.8 MiB      0.0 MiB           1       stage_extracter = StageExtracter()
    78   2542.8 MiB      0.0 MiB           1       rdflib.plugins.sparql.CUSTOM_EVALS["ZKPQueryEval"] = stage_extracter.ZKPQueryEval
    79   2542.8 MiB      0.0 MiB           1       print_and_write(f"INFO: Param proof {params['proof']}...")
    80                                         
    81   2542.8 MiB      0.0 MiB           1       start = time.time()
    82   2542.8 MiB      0.0 MiB           1       results = process_query(graph, query)
    83   2542.8 MiB      0.0 MiB           1       print_and_write(f"INFO: Number of query results: {len(list(results))}")
    84   2542.8 MiB      0.0 MiB           1       end = time.time()
    85   2542.8 MiB      0.0 MiB           1       print_and_write(f"INFO: Query execution time: {end - start}\n")
    86                                             
    87   2542.8 MiB      0.0 MiB           1       start = time.time()
    88   2542.8 MiB      0.0 MiB           1       if is_single:
    89                                                 zkp_exe_results = ZKPSingleHandler(stage_extracter.get_stage_vals()).build()
    90                                             else:
    91   2543.2 MiB      0.3 MiB           1           zkp_exe_results = ZKPSuperHandler(stage_extracter.get_stage_vals(), params).build(log_path=LOG_FILE)
    92   2543.2 MiB      0.0 MiB           1       end = time.time()
    93   2543.2 MiB      0.0 MiB           1       print_and_write(f"INFO: perform_zkp execution time: {end - start}\n")
    94                                             
    95   2543.2 MiB      0.0 MiB           1       return zkp_exe_results


Filename: /home/cc/src/personalized-zkp-rdflib/src/zkp-sparql/main.py

Line #    Mem usage    Increment  Occurrences   Line Contents
=============================================================
    75   2543.2 MiB   2543.2 MiB           1   @profile(stream=fp)
    76                                         def perform_zkp_circuit(graph: Graph, query: str, params: dict, is_single=False):
    77   2543.2 MiB      0.0 MiB           1       stage_extracter = StageExtracter()
    78   2543.2 MiB      0.0 MiB           1       rdflib.plugins.sparql.CUSTOM_EVALS["ZKPQueryEval"] = stage_extracter.ZKPQueryEval
    79   2543.2 MiB      0.0 MiB           1       print_and_write(f"INFO: Param proof {params['proof']}...")
    80                                         
    81   2543.2 MiB      0.0 MiB           1       start = time.time()
    82   2543.2 MiB      0.0 MiB           1       results = process_query(graph, query)
    83   2543.2 MiB      0.0 MiB           1       print_and_write(f"INFO: Number of query results: {len(list(results))}")
    84   2543.2 MiB      0.0 MiB           1       end = time.time()
    85   2543.2 MiB      0.0 MiB           1       print_and_write(f"INFO: Query execution time: {end - start}\n")
    86                                             
    87   2543.2 MiB      0.0 MiB           1       start = time.time()
    88   2543.2 MiB      0.0 MiB           1       if is_single:
    89                                                 zkp_exe_results = ZKPSingleHandler(stage_extracter.get_stage_vals()).build()
    90                                             else:
    91   2543.2 MiB      0.0 MiB           1           zkp_exe_results = ZKPSuperHandler(stage_extracter.get_stage_vals(), params).build(log_path=LOG_FILE)
    92   2543.2 MiB      0.0 MiB           1       end = time.time()
    93   2543.2 MiB      0.0 MiB           1       print_and_write(f"INFO: perform_zkp execution time: {end - start}\n")
    94                                             
    95   2543.2 MiB      0.0 MiB           1       return zkp_exe_results


Filename: /home/cc/src/personalized-zkp-rdflib/src/zkp-sparql/main.py

Line #    Mem usage    Increment  Occurrences   Line Contents
=============================================================
    75   2543.2 MiB   2543.2 MiB           1   @profile(stream=fp)
    76                                         def perform_zkp_circuit(graph: Graph, query: str, params: dict, is_single=False):
    77   2543.2 MiB      0.0 MiB           1       stage_extracter = StageExtracter()
    78   2543.2 MiB      0.0 MiB           1       rdflib.plugins.sparql.CUSTOM_EVALS["ZKPQueryEval"] = stage_extracter.ZKPQueryEval
    79   2543.2 MiB      0.0 MiB           1       print_and_write(f"INFO: Param proof {params['proof']}...")
    80                                         
    81   2543.2 MiB      0.0 MiB           1       start = time.time()
    82   2543.2 MiB      0.0 MiB           1       results = process_query(graph, query)
    83   2543.2 MiB      0.0 MiB           1       print_and_write(f"INFO: Number of query results: {len(list(results))}")
    84   2543.2 MiB      0.0 MiB           1       end = time.time()
    85   2543.2 MiB      0.0 MiB           1       print_and_write(f"INFO: Query execution time: {end - start}\n")
    86                                             
    87   2543.2 MiB      0.0 MiB           1       start = time.time()
    88   2543.2 MiB      0.0 MiB           1       if is_single:
    89                                                 zkp_exe_results = ZKPSingleHandler(stage_extracter.get_stage_vals()).build()
    90                                             else:
    91   2543.2 MiB      0.0 MiB           1           zkp_exe_results = ZKPSuperHandler(stage_extracter.get_stage_vals(), params).build(log_path=LOG_FILE)
    92   2543.2 MiB      0.0 MiB           1       end = time.time()
    93   2543.2 MiB      0.0 MiB           1       print_and_write(f"INFO: perform_zkp execution time: {end - start}\n")
    94                                             
    95   2543.2 MiB      0.0 MiB           1       return zkp_exe_results


Filename: /home/cc/src/personalized-zkp-rdflib/src/zkp-sparql/main.py

Line #    Mem usage    Increment  Occurrences   Line Contents
=============================================================
    75   2543.2 MiB   2543.2 MiB           1   @profile(stream=fp)
    76                                         def perform_zkp_circuit(graph: Graph, query: str, params: dict, is_single=False):
    77   2543.2 MiB      0.0 MiB           1       stage_extracter = StageExtracter()
    78   2543.2 MiB      0.0 MiB           1       rdflib.plugins.sparql.CUSTOM_EVALS["ZKPQueryEval"] = stage_extracter.ZKPQueryEval
    79   2543.2 MiB      0.0 MiB           1       print_and_write(f"INFO: Param proof {params['proof']}...")
    80                                         
    81   2543.2 MiB      0.0 MiB           1       start = time.time()
    82   2543.2 MiB      0.0 MiB           1       results = process_query(graph, query)
    83   2543.2 MiB      0.0 MiB           1       print_and_write(f"INFO: Number of query results: {len(list(results))}")
    84   2543.2 MiB      0.0 MiB           1       end = time.time()
    85   2543.2 MiB      0.0 MiB           1       print_and_write(f"INFO: Query execution time: {end - start}\n")
    86                                             
    87   2543.2 MiB      0.0 MiB           1       start = time.time()
    88   2543.2 MiB      0.0 MiB           1       if is_single:
    89                                                 zkp_exe_results = ZKPSingleHandler(stage_extracter.get_stage_vals()).build()
    90                                             else:
    91   2543.3 MiB      0.1 MiB           1           zkp_exe_results = ZKPSuperHandler(stage_extracter.get_stage_vals(), params).build(log_path=LOG_FILE)
    92   2543.3 MiB      0.0 MiB           1       end = time.time()
    93   2543.3 MiB      0.0 MiB           1       print_and_write(f"INFO: perform_zkp execution time: {end - start}\n")
    94                                             
    95   2543.3 MiB      0.0 MiB           1       return zkp_exe_results


Filename: /home/cc/src/personalized-zkp-rdflib/src/zkp-sparql/main.py

Line #    Mem usage    Increment  Occurrences   Line Contents
=============================================================
    75   2543.3 MiB   2543.3 MiB           1   @profile(stream=fp)
    76                                         def perform_zkp_circuit(graph: Graph, query: str, params: dict, is_single=False):
    77   2543.3 MiB      0.0 MiB           1       stage_extracter = StageExtracter()
    78   2543.3 MiB      0.0 MiB           1       rdflib.plugins.sparql.CUSTOM_EVALS["ZKPQueryEval"] = stage_extracter.ZKPQueryEval
    79   2543.3 MiB      0.0 MiB           1       print_and_write(f"INFO: Param proof {params['proof']}...")
    80                                         
    81   2543.3 MiB      0.0 MiB           1       start = time.time()
    82   2543.3 MiB      0.0 MiB           1       results = process_query(graph, query)
    83   2543.3 MiB      0.0 MiB           1       print_and_write(f"INFO: Number of query results: {len(list(results))}")
    84   2543.3 MiB      0.0 MiB           1       end = time.time()
    85   2543.3 MiB      0.0 MiB           1       print_and_write(f"INFO: Query execution time: {end - start}\n")
    86                                             
    87   2543.3 MiB      0.0 MiB           1       start = time.time()
    88   2543.3 MiB      0.0 MiB           1       if is_single:
    89                                                 zkp_exe_results = ZKPSingleHandler(stage_extracter.get_stage_vals()).build()
    90                                             else:
    91   2543.3 MiB     -0.0 MiB           1           zkp_exe_results = ZKPSuperHandler(stage_extracter.get_stage_vals(), params).build(log_path=LOG_FILE)
    92   2543.3 MiB      0.0 MiB           1       end = time.time()
    93   2543.3 MiB      0.0 MiB           1       print_and_write(f"INFO: perform_zkp execution time: {end - start}\n")
    94                                             
    95   2543.3 MiB      0.0 MiB           1       return zkp_exe_results


Filename: /home/cc/src/personalized-zkp-rdflib/src/zkp-sparql/main.py

Line #    Mem usage    Increment  Occurrences   Line Contents
=============================================================
    75   2788.9 MiB   2788.9 MiB           1   @profile(stream=fp)
    76                                         def perform_zkp_circuit(graph: Graph, query: str, params: dict, is_single=False):
    77   2788.9 MiB      0.0 MiB           1       stage_extracter = StageExtracter()
    78   2788.9 MiB      0.0 MiB           1       rdflib.plugins.sparql.CUSTOM_EVALS["ZKPQueryEval"] = stage_extracter.ZKPQueryEval
    79   2788.9 MiB      0.0 MiB           1       print_and_write(f"INFO: Param proof {params['proof']}...")
    80                                         
    81   2788.9 MiB      0.0 MiB           1       start = time.time()
    82   2810.3 MiB     21.4 MiB           1       results = process_query(graph, query)
    83   2807.0 MiB     -3.2 MiB           1       print_and_write(f"INFO: Number of query results: {len(list(results))}")
    84   2807.0 MiB      0.0 MiB           1       end = time.time()
    85   2807.0 MiB      0.0 MiB           1       print_and_write(f"INFO: Query execution time: {end - start}\n")
    86                                             
    87   2807.0 MiB      0.0 MiB           1       start = time.time()
    88   2807.0 MiB      0.0 MiB           1       if is_single:
    89                                                 zkp_exe_results = ZKPSingleHandler(stage_extracter.get_stage_vals()).build()
    90                                             else:
    91   4198.4 MiB   1391.4 MiB           1           zkp_exe_results = ZKPSuperHandler(stage_extracter.get_stage_vals(), params).build(log_path=LOG_FILE)
    92   4198.4 MiB      0.0 MiB           1       end = time.time()
    93   4198.4 MiB      0.0 MiB           1       print_and_write(f"INFO: perform_zkp execution time: {end - start}\n")
    94                                             
    95   4198.4 MiB      0.0 MiB           1       return zkp_exe_results


Filename: /home/cc/src/personalized-zkp-rdflib/src/zkp-sparql/main.py

Line #    Mem usage    Increment  Occurrences   Line Contents
=============================================================
    75   4198.4 MiB   4198.4 MiB           1   @profile(stream=fp)
    76                                         def perform_zkp_circuit(graph: Graph, query: str, params: dict, is_single=False):
    77   4198.4 MiB      0.0 MiB           1       stage_extracter = StageExtracter()
    78   4190.4 MiB     -8.0 MiB           1       rdflib.plugins.sparql.CUSTOM_EVALS["ZKPQueryEval"] = stage_extracter.ZKPQueryEval
    79   4190.4 MiB      0.0 MiB           1       print_and_write(f"INFO: Param proof {params['proof']}...")
    80                                         
    81   4190.4 MiB      0.0 MiB           1       start = time.time()
    82   4191.5 MiB      1.1 MiB           1       results = process_query(graph, query)
    83   4191.5 MiB      0.0 MiB           1       print_and_write(f"INFO: Number of query results: {len(list(results))}")
    84   4191.5 MiB      0.0 MiB           1       end = time.time()
    85   4191.5 MiB      0.0 MiB           1       print_and_write(f"INFO: Query execution time: {end - start}\n")
    86                                             
    87   4191.5 MiB      0.0 MiB           1       start = time.time()
    88   4191.5 MiB      0.0 MiB           1       if is_single:
    89                                                 zkp_exe_results = ZKPSingleHandler(stage_extracter.get_stage_vals()).build()
    90                                             else:
    91   4191.8 MiB      0.3 MiB           1           zkp_exe_results = ZKPSuperHandler(stage_extracter.get_stage_vals(), params).build(log_path=LOG_FILE)
    92   4191.8 MiB      0.0 MiB           1       end = time.time()
    93   4191.8 MiB      0.0 MiB           1       print_and_write(f"INFO: perform_zkp execution time: {end - start}\n")
    94                                             
    95   4191.8 MiB      0.0 MiB           1       return zkp_exe_results


Filename: /home/cc/src/personalized-zkp-rdflib/src/zkp-sparql/main.py

Line #    Mem usage    Increment  Occurrences   Line Contents
=============================================================
    75   4191.8 MiB   4191.8 MiB           1   @profile(stream=fp)
    76                                         def perform_zkp_circuit(graph: Graph, query: str, params: dict, is_single=False):
    77   4191.8 MiB      0.0 MiB           1       stage_extracter = StageExtracter()
    78   4191.8 MiB      0.0 MiB           1       rdflib.plugins.sparql.CUSTOM_EVALS["ZKPQueryEval"] = stage_extracter.ZKPQueryEval
    79   4191.8 MiB      0.0 MiB           1       print_and_write(f"INFO: Param proof {params['proof']}...")
    80                                         
    81   4191.8 MiB      0.0 MiB           1       start = time.time()
    82   4198.9 MiB      7.1 MiB           1       results = process_query(graph, query)
    83   4198.9 MiB      0.0 MiB           1       print_and_write(f"INFO: Number of query results: {len(list(results))}")
    84   4198.9 MiB      0.0 MiB           1       end = time.time()
    85   4198.9 MiB      0.0 MiB           1       print_and_write(f"INFO: Query execution time: {end - start}\n")
    86                                             
    87   4198.9 MiB      0.0 MiB           1       start = time.time()
    88   4198.9 MiB      0.0 MiB           1       if is_single:
    89                                                 zkp_exe_results = ZKPSingleHandler(stage_extracter.get_stage_vals()).build()
    90                                             else:
    91   4199.9 MiB      1.0 MiB           1           zkp_exe_results = ZKPSuperHandler(stage_extracter.get_stage_vals(), params).build(log_path=LOG_FILE)
    92   4199.9 MiB      0.0 MiB           1       end = time.time()
    93   4199.9 MiB      0.0 MiB           1       print_and_write(f"INFO: perform_zkp execution time: {end - start}\n")
    94                                             
    95   4199.9 MiB      0.0 MiB           1       return zkp_exe_results


Filename: /home/cc/src/personalized-zkp-rdflib/src/zkp-sparql/main.py

Line #    Mem usage    Increment  Occurrences   Line Contents
=============================================================
    75   4199.9 MiB   4199.9 MiB           1   @profile(stream=fp)
    76                                         def perform_zkp_circuit(graph: Graph, query: str, params: dict, is_single=False):
    77   4199.9 MiB      0.0 MiB           1       stage_extracter = StageExtracter()
    78   4196.9 MiB     -3.0 MiB           1       rdflib.plugins.sparql.CUSTOM_EVALS["ZKPQueryEval"] = stage_extracter.ZKPQueryEval
    79   4196.9 MiB      0.0 MiB           1       print_and_write(f"INFO: Param proof {params['proof']}...")
    80                                         
    81   4196.9 MiB      0.0 MiB           1       start = time.time()
    82   4199.5 MiB      2.6 MiB           1       results = process_query(graph, query)
    83   4199.5 MiB      0.0 MiB           1       print_and_write(f"INFO: Number of query results: {len(list(results))}")
    84   4199.5 MiB      0.0 MiB           1       end = time.time()
    85   4199.5 MiB      0.0 MiB           1       print_and_write(f"INFO: Query execution time: {end - start}\n")
    86                                             
    87   4199.5 MiB      0.0 MiB           1       start = time.time()
    88   4199.5 MiB      0.0 MiB           1       if is_single:
    89                                                 zkp_exe_results = ZKPSingleHandler(stage_extracter.get_stage_vals()).build()
    90                                             else:
    91   4199.4 MiB     -0.1 MiB           1           zkp_exe_results = ZKPSuperHandler(stage_extracter.get_stage_vals(), params).build(log_path=LOG_FILE)
    92   4199.4 MiB      0.0 MiB           1       end = time.time()
    93   4199.4 MiB      0.0 MiB           1       print_and_write(f"INFO: perform_zkp execution time: {end - start}\n")
    94                                             
    95   4199.4 MiB      0.0 MiB           1       return zkp_exe_results


Filename: /home/cc/src/personalized-zkp-rdflib/src/zkp-sparql/main.py

Line #    Mem usage    Increment  Occurrences   Line Contents
=============================================================
    75   4199.4 MiB   4199.4 MiB           1   @profile(stream=fp)
    76                                         def perform_zkp_circuit(graph: Graph, query: str, params: dict, is_single=False):
    77   4199.4 MiB      0.0 MiB           1       stage_extracter = StageExtracter()
    78   4197.4 MiB     -2.0 MiB           1       rdflib.plugins.sparql.CUSTOM_EVALS["ZKPQueryEval"] = stage_extracter.ZKPQueryEval
    79   4197.4 MiB      0.0 MiB           1       print_and_write(f"INFO: Param proof {params['proof']}...")
    80                                         
    81   4197.4 MiB      0.0 MiB           1       start = time.time()
    82   7360.1 MiB   3162.7 MiB           1       results = process_query(graph, query)
    83   7360.1 MiB      0.0 MiB           1       print_and_write(f"INFO: Number of query results: {len(list(results))}")
    84   7360.1 MiB      0.0 MiB           1       end = time.time()
    85   7360.1 MiB      0.0 MiB           1       print_and_write(f"INFO: Query execution time: {end - start}\n")
    86                                             
    87   7360.1 MiB      0.0 MiB           1       start = time.time()
    88   7360.1 MiB      0.0 MiB           1       if is_single:
    89                                                 zkp_exe_results = ZKPSingleHandler(stage_extracter.get_stage_vals()).build()
    90                                             else:
    91   7362.0 MiB      1.9 MiB           1           zkp_exe_results = ZKPSuperHandler(stage_extracter.get_stage_vals(), params).build(log_path=LOG_FILE)
    92   7362.0 MiB      0.0 MiB           1       end = time.time()
    93   7362.0 MiB      0.0 MiB           1       print_and_write(f"INFO: perform_zkp execution time: {end - start}\n")
    94                                             
    95   7362.0 MiB      0.0 MiB           1       return zkp_exe_results


Filename: /home/cc/src/personalized-zkp-rdflib/src/zkp-sparql/main.py

Line #    Mem usage    Increment  Occurrences   Line Contents
=============================================================
    75   7527.4 MiB   7527.4 MiB           1   @profile(stream=fp)
    76                                         def perform_zkp_circuit(graph: Graph, query: str, params: dict, is_single=False):
    77   7527.4 MiB      0.0 MiB           1       stage_extracter = StageExtracter()
    78   4546.5 MiB  -2980.9 MiB           1       rdflib.plugins.sparql.CUSTOM_EVALS["ZKPQueryEval"] = stage_extracter.ZKPQueryEval
    79   4546.5 MiB      0.0 MiB           1       print_and_write(f"INFO: Param proof {params['proof']}...")
    80                                         
    81   4546.5 MiB      0.0 MiB           1       start = time.time()
    82   4546.5 MiB      0.0 MiB           1       results = process_query(graph, query)
    83   4546.5 MiB      0.0 MiB           1       print_and_write(f"INFO: Number of query results: {len(list(results))}")
    84   4546.5 MiB      0.0 MiB           1       end = time.time()
    85   4546.5 MiB      0.0 MiB           1       print_and_write(f"INFO: Query execution time: {end - start}\n")
    86                                             
    87   4546.5 MiB      0.0 MiB           1       start = time.time()
    88   4546.5 MiB      0.0 MiB           1       if is_single:
    89                                                 zkp_exe_results = ZKPSingleHandler(stage_extracter.get_stage_vals()).build()
    90                                             else:
    91   4546.7 MiB      0.2 MiB           1           zkp_exe_results = ZKPSuperHandler(stage_extracter.get_stage_vals(), params).build(log_path=LOG_FILE)
    92   4546.7 MiB      0.0 MiB           1       end = time.time()
    93   4546.7 MiB      0.0 MiB           1       print_and_write(f"INFO: perform_zkp execution time: {end - start}\n")
    94                                             
    95   4546.7 MiB      0.0 MiB           1       return zkp_exe_results


Filename: /home/cc/src/personalized-zkp-rdflib/src/zkp-sparql/main.py

Line #    Mem usage    Increment  Occurrences   Line Contents
=============================================================
    75   4546.7 MiB   4546.7 MiB           1   @profile(stream=fp)
    76                                         def perform_zkp_circuit(graph: Graph, query: str, params: dict, is_single=False):
    77   4546.7 MiB      0.0 MiB           1       stage_extracter = StageExtracter()
    78   4546.7 MiB      0.0 MiB           1       rdflib.plugins.sparql.CUSTOM_EVALS["ZKPQueryEval"] = stage_extracter.ZKPQueryEval
    79   4546.7 MiB      0.0 MiB           1       print_and_write(f"INFO: Param proof {params['proof']}...")
    80                                         
    81   4546.7 MiB      0.0 MiB           1       start = time.time()
    82   4545.7 MiB     -1.0 MiB           1       results = process_query(graph, query)
    83   4545.7 MiB      0.0 MiB           1       print_and_write(f"INFO: Number of query results: {len(list(results))}")
    84   4545.7 MiB      0.0 MiB           1       end = time.time()
    85   4545.7 MiB      0.0 MiB           1       print_and_write(f"INFO: Query execution time: {end - start}\n")
    86                                             
    87   4545.7 MiB      0.0 MiB           1       start = time.time()
    88   4545.7 MiB      0.0 MiB           1       if is_single:
    89                                                 zkp_exe_results = ZKPSingleHandler(stage_extracter.get_stage_vals()).build()
    90                                             else:
    91   4546.0 MiB      0.3 MiB           1           zkp_exe_results = ZKPSuperHandler(stage_extracter.get_stage_vals(), params).build(log_path=LOG_FILE)
    92   4546.0 MiB      0.0 MiB           1       end = time.time()
    93   4546.0 MiB      0.0 MiB           1       print_and_write(f"INFO: perform_zkp execution time: {end - start}\n")
    94                                             
    95   4546.0 MiB      0.0 MiB           1       return zkp_exe_results


Filename: /home/cc/src/personalized-zkp-rdflib/src/zkp-sparql/main.py

Line #    Mem usage    Increment  Occurrences   Line Contents
=============================================================
    75   4546.0 MiB   4546.0 MiB           1   @profile(stream=fp)
    76                                         def perform_zkp_circuit(graph: Graph, query: str, params: dict, is_single=False):
    77   4546.0 MiB      0.0 MiB           1       stage_extracter = StageExtracter()
    78   4546.0 MiB      0.0 MiB           1       rdflib.plugins.sparql.CUSTOM_EVALS["ZKPQueryEval"] = stage_extracter.ZKPQueryEval
    79   4546.0 MiB      0.0 MiB           1       print_and_write(f"INFO: Param proof {params['proof']}...")
    80                                         
    81   4546.0 MiB      0.0 MiB           1       start = time.time()
    82   4546.0 MiB      0.0 MiB           1       results = process_query(graph, query)
    83   4546.0 MiB      0.0 MiB           1       print_and_write(f"INFO: Number of query results: {len(list(results))}")
    84   4546.0 MiB      0.0 MiB           1       end = time.time()
    85   4546.0 MiB      0.0 MiB           1       print_and_write(f"INFO: Query execution time: {end - start}\n")
    86                                             
    87   4546.0 MiB      0.0 MiB           1       start = time.time()
    88   4546.0 MiB      0.0 MiB           1       if is_single:
    89                                                 zkp_exe_results = ZKPSingleHandler(stage_extracter.get_stage_vals()).build()
    90                                             else:
    91   4545.9 MiB     -0.1 MiB           1           zkp_exe_results = ZKPSuperHandler(stage_extracter.get_stage_vals(), params).build(log_path=LOG_FILE)
    92   4545.9 MiB      0.0 MiB           1       end = time.time()
    93   4545.9 MiB      0.0 MiB           1       print_and_write(f"INFO: perform_zkp execution time: {end - start}\n")
    94                                             
    95   4545.9 MiB      0.0 MiB           1       return zkp_exe_results


Filename: /home/cc/src/personalized-zkp-rdflib/src/zkp-sparql/main.py

Line #    Mem usage    Increment  Occurrences   Line Contents
=============================================================
    75   4545.9 MiB   4545.9 MiB           1   @profile(stream=fp)
    76                                         def perform_zkp_circuit(graph: Graph, query: str, params: dict, is_single=False):
    77   4545.9 MiB      0.0 MiB           1       stage_extracter = StageExtracter()
    78   4545.9 MiB      0.0 MiB           1       rdflib.plugins.sparql.CUSTOM_EVALS["ZKPQueryEval"] = stage_extracter.ZKPQueryEval
    79   4545.9 MiB      0.0 MiB           1       print_and_write(f"INFO: Param proof {params['proof']}...")
    80                                         
    81   4545.9 MiB      0.0 MiB           1       start = time.time()
    82   4545.9 MiB      0.0 MiB           1       results = process_query(graph, query)
    83   4545.9 MiB      0.0 MiB           1       print_and_write(f"INFO: Number of query results: {len(list(results))}")
    84   4545.9 MiB      0.0 MiB           1       end = time.time()
    85   4545.9 MiB      0.0 MiB           1       print_and_write(f"INFO: Query execution time: {end - start}\n")
    86                                             
    87   4545.9 MiB      0.0 MiB           1       start = time.time()
    88   4545.9 MiB      0.0 MiB           1       if is_single:
    89                                                 zkp_exe_results = ZKPSingleHandler(stage_extracter.get_stage_vals()).build()
    90                                             else:
    91   4546.0 MiB      0.1 MiB           1           zkp_exe_results = ZKPSuperHandler(stage_extracter.get_stage_vals(), params).build(log_path=LOG_FILE)
    92   4546.0 MiB      0.0 MiB           1       end = time.time()
    93   4546.0 MiB      0.0 MiB           1       print_and_write(f"INFO: perform_zkp execution time: {end - start}\n")
    94                                             
    95   4546.0 MiB      0.0 MiB           1       return zkp_exe_results


Filename: /home/cc/src/personalized-zkp-rdflib/src/zkp-sparql/main.py

Line #    Mem usage    Increment  Occurrences   Line Contents
=============================================================
    75   4546.0 MiB   4546.0 MiB           1   @profile(stream=fp)
    76                                         def perform_zkp_circuit(graph: Graph, query: str, params: dict, is_single=False):
    77   4546.0 MiB      0.0 MiB           1       stage_extracter = StageExtracter()
    78   4546.0 MiB      0.0 MiB           1       rdflib.plugins.sparql.CUSTOM_EVALS["ZKPQueryEval"] = stage_extracter.ZKPQueryEval
    79   4546.0 MiB      0.0 MiB           1       print_and_write(f"INFO: Param proof {params['proof']}...")
    80                                         
    81   4546.0 MiB      0.0 MiB           1       start = time.time()
    82   4546.0 MiB      0.0 MiB           1       results = process_query(graph, query)
    83   4546.0 MiB      0.0 MiB           1       print_and_write(f"INFO: Number of query results: {len(list(results))}")
    84   4546.0 MiB      0.0 MiB           1       end = time.time()
    85   4546.0 MiB      0.0 MiB           1       print_and_write(f"INFO: Query execution time: {end - start}\n")
    86                                             
    87   4546.0 MiB      0.0 MiB           1       start = time.time()
    88   4546.0 MiB      0.0 MiB           1       if is_single:
    89                                                 zkp_exe_results = ZKPSingleHandler(stage_extracter.get_stage_vals()).build()
    90                                             else:
    91   4546.4 MiB      0.4 MiB           1           zkp_exe_results = ZKPSuperHandler(stage_extracter.get_stage_vals(), params).build(log_path=LOG_FILE)
    92   4546.4 MiB      0.0 MiB           1       end = time.time()
    93   4546.4 MiB      0.0 MiB           1       print_and_write(f"INFO: perform_zkp execution time: {end - start}\n")
    94                                             
    95   4546.4 MiB      0.0 MiB           1       return zkp_exe_results


Filename: /home/cc/src/personalized-zkp-rdflib/src/zkp-sparql/main.py

Line #    Mem usage    Increment  Occurrences   Line Contents
=============================================================
    75   4546.8 MiB   4546.8 MiB           1   @profile(stream=fp)
    76                                         def perform_zkp_circuit(graph: Graph, query: str, params: dict, is_single=False):
    77   4546.8 MiB      0.0 MiB           1       stage_extracter = StageExtracter()
    78   4546.8 MiB      0.0 MiB           1       rdflib.plugins.sparql.CUSTOM_EVALS["ZKPQueryEval"] = stage_extracter.ZKPQueryEval
    79   4546.8 MiB      0.0 MiB           1       print_and_write(f"INFO: Param proof {params['proof']}...")
    80                                         
    81   4546.8 MiB      0.0 MiB           1       start = time.time()
    82   4546.8 MiB      0.0 MiB           1       results = process_query(graph, query)
    83   4546.8 MiB      0.0 MiB           1       print_and_write(f"INFO: Number of query results: {len(list(results))}")
    84   4546.8 MiB      0.0 MiB           1       end = time.time()
    85   4546.8 MiB      0.0 MiB           1       print_and_write(f"INFO: Query execution time: {end - start}\n")
    86                                             
    87   4546.8 MiB      0.0 MiB           1       start = time.time()
    88   4546.8 MiB      0.0 MiB           1       if is_single:
    89                                                 zkp_exe_results = ZKPSingleHandler(stage_extracter.get_stage_vals()).build()
    90                                             else:
    91   4546.6 MiB     -0.2 MiB           1           zkp_exe_results = ZKPSuperHandler(stage_extracter.get_stage_vals(), params).build(log_path=LOG_FILE)
    92   4546.6 MiB      0.0 MiB           1       end = time.time()
    93   4546.6 MiB      0.0 MiB           1       print_and_write(f"INFO: perform_zkp execution time: {end - start}\n")
    94                                             
    95   4546.6 MiB      0.0 MiB           1       return zkp_exe_results


Filename: /home/cc/src/personalized-zkp-rdflib/src/zkp-sparql/main.py

Line #    Mem usage    Increment  Occurrences   Line Contents
=============================================================
    75   4546.6 MiB   4546.6 MiB           1   @profile(stream=fp)
    76                                         def perform_zkp_circuit(graph: Graph, query: str, params: dict, is_single=False):
    77   4546.6 MiB      0.0 MiB           1       stage_extracter = StageExtracter()
    78   4546.6 MiB      0.0 MiB           1       rdflib.plugins.sparql.CUSTOM_EVALS["ZKPQueryEval"] = stage_extracter.ZKPQueryEval
    79   4546.6 MiB      0.0 MiB           1       print_and_write(f"INFO: Param proof {params['proof']}...")
    80                                         
    81   4546.6 MiB      0.0 MiB           1       start = time.time()
    82   4546.6 MiB      0.0 MiB           1       results = process_query(graph, query)
    83   4546.6 MiB      0.0 MiB           1       print_and_write(f"INFO: Number of query results: {len(list(results))}")
    84   4546.6 MiB      0.0 MiB           1       end = time.time()
    85   4546.6 MiB      0.0 MiB           1       print_and_write(f"INFO: Query execution time: {end - start}\n")
    86                                             
    87   4546.6 MiB      0.0 MiB           1       start = time.time()
    88   4546.6 MiB      0.0 MiB           1       if is_single:
    89                                                 zkp_exe_results = ZKPSingleHandler(stage_extracter.get_stage_vals()).build()
    90                                             else:
    91   4546.9 MiB      0.3 MiB           1           zkp_exe_results = ZKPSuperHandler(stage_extracter.get_stage_vals(), params).build(log_path=LOG_FILE)
    92   4546.9 MiB      0.0 MiB           1       end = time.time()
    93   4546.9 MiB      0.0 MiB           1       print_and_write(f"INFO: perform_zkp execution time: {end - start}\n")
    94                                             
    95   4546.9 MiB      0.0 MiB           1       return zkp_exe_results


Filename: /home/cc/src/personalized-zkp-rdflib/src/zkp-sparql/main.py

Line #    Mem usage    Increment  Occurrences   Line Contents
=============================================================
    75   4546.9 MiB   4546.9 MiB           1   @profile(stream=fp)
    76                                         def perform_zkp_circuit(graph: Graph, query: str, params: dict, is_single=False):
    77   4546.9 MiB      0.0 MiB           1       stage_extracter = StageExtracter()
    78   4546.9 MiB      0.0 MiB           1       rdflib.plugins.sparql.CUSTOM_EVALS["ZKPQueryEval"] = stage_extracter.ZKPQueryEval
    79   4546.9 MiB      0.0 MiB           1       print_and_write(f"INFO: Param proof {params['proof']}...")
    80                                         
    81   4546.9 MiB      0.0 MiB           1       start = time.time()
    82   4546.9 MiB      0.0 MiB           1       results = process_query(graph, query)
    83   4546.9 MiB      0.0 MiB           1       print_and_write(f"INFO: Number of query results: {len(list(results))}")
    84   4546.9 MiB      0.0 MiB           1       end = time.time()
    85   4546.9 MiB      0.0 MiB           1       print_and_write(f"INFO: Query execution time: {end - start}\n")
    86                                             
    87   4546.9 MiB      0.0 MiB           1       start = time.time()
    88   4546.9 MiB      0.0 MiB           1       if is_single:
    89                                                 zkp_exe_results = ZKPSingleHandler(stage_extracter.get_stage_vals()).build()
    90                                             else:
    91   4547.7 MiB      0.8 MiB           1           zkp_exe_results = ZKPSuperHandler(stage_extracter.get_stage_vals(), params).build(log_path=LOG_FILE)
    92   4547.7 MiB      0.0 MiB           1       end = time.time()
    93   4547.7 MiB      0.0 MiB           1       print_and_write(f"INFO: perform_zkp execution time: {end - start}\n")
    94                                             
    95   4547.7 MiB      0.0 MiB           1       return zkp_exe_results


Filename: /home/cc/src/personalized-zkp-rdflib/src/zkp-sparql/main.py

Line #    Mem usage    Increment  Occurrences   Line Contents
=============================================================
    75   4547.7 MiB   4547.7 MiB           1   @profile(stream=fp)
    76                                         def perform_zkp_circuit(graph: Graph, query: str, params: dict, is_single=False):
    77   4547.7 MiB      0.0 MiB           1       stage_extracter = StageExtracter()
    78   4547.7 MiB      0.0 MiB           1       rdflib.plugins.sparql.CUSTOM_EVALS["ZKPQueryEval"] = stage_extracter.ZKPQueryEval
    79   4547.7 MiB      0.0 MiB           1       print_and_write(f"INFO: Param proof {params['proof']}...")
    80                                         
    81   4547.7 MiB      0.0 MiB           1       start = time.time()
    82   4547.7 MiB      0.0 MiB           1       results = process_query(graph, query)
    83   4547.7 MiB      0.0 MiB           1       print_and_write(f"INFO: Number of query results: {len(list(results))}")
    84   4547.7 MiB      0.0 MiB           1       end = time.time()
    85   4547.7 MiB      0.0 MiB           1       print_and_write(f"INFO: Query execution time: {end - start}\n")
    86                                             
    87   4547.7 MiB      0.0 MiB           1       start = time.time()
    88   4547.7 MiB      0.0 MiB           1       if is_single:
    89                                                 zkp_exe_results = ZKPSingleHandler(stage_extracter.get_stage_vals()).build()
    90                                             else:
    91   4819.8 MiB    272.1 MiB           1           zkp_exe_results = ZKPSuperHandler(stage_extracter.get_stage_vals(), params).build(log_path=LOG_FILE)
    92   4819.8 MiB      0.0 MiB           1       end = time.time()
    93   4819.8 MiB      0.0 MiB           1       print_and_write(f"INFO: perform_zkp execution time: {end - start}\n")
    94                                             
    95   4819.8 MiB      0.0 MiB           1       return zkp_exe_results


Filename: /home/cc/src/personalized-zkp-rdflib/src/zkp-sparql/main.py

Line #    Mem usage    Increment  Occurrences   Line Contents
=============================================================
    75   4819.8 MiB   4819.8 MiB           1   @profile(stream=fp)
    76                                         def perform_zkp_circuit(graph: Graph, query: str, params: dict, is_single=False):
    77   4819.8 MiB      0.0 MiB           1       stage_extracter = StageExtracter()
    78   4819.8 MiB      0.0 MiB           1       rdflib.plugins.sparql.CUSTOM_EVALS["ZKPQueryEval"] = stage_extracter.ZKPQueryEval
    79   4819.8 MiB      0.0 MiB           1       print_and_write(f"INFO: Param proof {params['proof']}...")
    80                                         
    81   4819.8 MiB      0.0 MiB           1       start = time.time()
    82   5206.6 MiB    386.8 MiB           1       results = process_query(graph, query)
    83   5207.0 MiB      0.4 MiB           1       print_and_write(f"INFO: Number of query results: {len(list(results))}")
    84   5207.0 MiB      0.0 MiB           1       end = time.time()
    85   5207.0 MiB      0.0 MiB           1       print_and_write(f"INFO: Query execution time: {end - start}\n")
    86                                             
    87   5207.0 MiB      0.0 MiB           1       start = time.time()
    88   5207.0 MiB      0.0 MiB           1       if is_single:
    89                                                 zkp_exe_results = ZKPSingleHandler(stage_extracter.get_stage_vals()).build()
    90                                             else:
    91   5223.8 MiB     16.8 MiB           1           zkp_exe_results = ZKPSuperHandler(stage_extracter.get_stage_vals(), params).build(log_path=LOG_FILE)
    92   5223.8 MiB      0.0 MiB           1       end = time.time()
    93   5223.8 MiB      0.0 MiB           1       print_and_write(f"INFO: perform_zkp execution time: {end - start}\n")
    94                                             
    95   5223.8 MiB      0.0 MiB           1       return zkp_exe_results


Filename: /home/cc/src/personalized-zkp-rdflib/src/zkp-sparql/main.py

Line #    Mem usage    Increment  Occurrences   Line Contents
=============================================================
    75   5794.2 MiB   5794.2 MiB           1   @profile(stream=fp)
    76                                         def perform_zkp_circuit(graph: Graph, query: str, params: dict, is_single=False):
    77   5794.2 MiB      0.0 MiB           1       stage_extracter = StageExtracter()
    78   4935.3 MiB   -858.9 MiB           1       rdflib.plugins.sparql.CUSTOM_EVALS["ZKPQueryEval"] = stage_extracter.ZKPQueryEval
    79   4935.3 MiB      0.0 MiB           1       print_and_write(f"INFO: Param proof {params['proof']}...")
    80                                         
    81   4935.3 MiB      0.0 MiB           1       start = time.time()
    82   4935.3 MiB      0.0 MiB           1       results = process_query(graph, query)
    83   4935.3 MiB      0.0 MiB           1       print_and_write(f"INFO: Number of query results: {len(list(results))}")
    84   4935.3 MiB      0.0 MiB           1       end = time.time()
    85   4935.3 MiB      0.0 MiB           1       print_and_write(f"INFO: Query execution time: {end - start}\n")
    86                                             
    87   4935.3 MiB      0.0 MiB           1       start = time.time()
    88   4935.3 MiB      0.0 MiB           1       if is_single:
    89                                                 zkp_exe_results = ZKPSingleHandler(stage_extracter.get_stage_vals()).build()
    90                                             else:
    91   4937.0 MiB      1.7 MiB           1           zkp_exe_results = ZKPSuperHandler(stage_extracter.get_stage_vals(), params).build(log_path=LOG_FILE)
    92   4937.0 MiB      0.0 MiB           1       end = time.time()
    93   4937.0 MiB      0.0 MiB           1       print_and_write(f"INFO: perform_zkp execution time: {end - start}\n")
    94                                             
    95   4937.0 MiB      0.0 MiB           1       return zkp_exe_results


Filename: /home/cc/src/personalized-zkp-rdflib/src/zkp-sparql/main.py

Line #    Mem usage    Increment  Occurrences   Line Contents
=============================================================
    75   4937.0 MiB   4937.0 MiB           1   @profile(stream=fp)
    76                                         def perform_zkp_circuit(graph: Graph, query: str, params: dict, is_single=False):
    77   4937.0 MiB      0.0 MiB           1       stage_extracter = StageExtracter()
    78   4937.0 MiB      0.0 MiB           1       rdflib.plugins.sparql.CUSTOM_EVALS["ZKPQueryEval"] = stage_extracter.ZKPQueryEval
    79   4937.0 MiB      0.0 MiB           1       print_and_write(f"INFO: Param proof {params['proof']}...")
    80                                         
    81   4937.0 MiB      0.0 MiB           1       start = time.time()
    82   4937.0 MiB      0.0 MiB           1       results = process_query(graph, query)
    83   4937.0 MiB      0.0 MiB           1       print_and_write(f"INFO: Number of query results: {len(list(results))}")
    84   4937.0 MiB      0.0 MiB           1       end = time.time()
    85   4937.0 MiB      0.0 MiB           1       print_and_write(f"INFO: Query execution time: {end - start}\n")
    86                                             
    87   4937.0 MiB      0.0 MiB           1       start = time.time()
    88   4937.0 MiB      0.0 MiB           1       if is_single:
    89                                                 zkp_exe_results = ZKPSingleHandler(stage_extracter.get_stage_vals()).build()
    90                                             else:
    91   4937.2 MiB      0.2 MiB           1           zkp_exe_results = ZKPSuperHandler(stage_extracter.get_stage_vals(), params).build(log_path=LOG_FILE)
    92   4937.2 MiB      0.0 MiB           1       end = time.time()
    93   4937.2 MiB      0.0 MiB           1       print_and_write(f"INFO: perform_zkp execution time: {end - start}\n")
    94                                             
    95   4937.2 MiB      0.0 MiB           1       return zkp_exe_results


Filename: /home/cc/src/personalized-zkp-rdflib/src/zkp-sparql/main.py

Line #    Mem usage    Increment  Occurrences   Line Contents
=============================================================
    75   4937.2 MiB   4937.2 MiB           1   @profile(stream=fp)
    76                                         def perform_zkp_circuit(graph: Graph, query: str, params: dict, is_single=False):
    77   4937.2 MiB      0.0 MiB           1       stage_extracter = StageExtracter()
    78   4937.2 MiB      0.0 MiB           1       rdflib.plugins.sparql.CUSTOM_EVALS["ZKPQueryEval"] = stage_extracter.ZKPQueryEval
    79   4937.2 MiB      0.0 MiB           1       print_and_write(f"INFO: Param proof {params['proof']}...")
    80                                         
    81   4937.2 MiB      0.0 MiB           1       start = time.time()
    82   4937.2 MiB      0.0 MiB           1       results = process_query(graph, query)
    83   4937.2 MiB      0.0 MiB           1       print_and_write(f"INFO: Number of query results: {len(list(results))}")
    84   4937.2 MiB      0.0 MiB           1       end = time.time()
    85   4937.2 MiB      0.0 MiB           1       print_and_write(f"INFO: Query execution time: {end - start}\n")
    86                                             
    87   4937.2 MiB      0.0 MiB           1       start = time.time()
    88   4937.2 MiB      0.0 MiB           1       if is_single:
    89                                                 zkp_exe_results = ZKPSingleHandler(stage_extracter.get_stage_vals()).build()
    90                                             else:
    91   4937.9 MiB      0.7 MiB           1           zkp_exe_results = ZKPSuperHandler(stage_extracter.get_stage_vals(), params).build(log_path=LOG_FILE)
    92   4937.9 MiB      0.0 MiB           1       end = time.time()
    93   4937.9 MiB      0.0 MiB           1       print_and_write(f"INFO: perform_zkp execution time: {end - start}\n")
    94                                             
    95   4937.9 MiB      0.0 MiB           1       return zkp_exe_results


Filename: /home/cc/src/personalized-zkp-rdflib/src/zkp-sparql/main.py

Line #    Mem usage    Increment  Occurrences   Line Contents
=============================================================
    75   4937.9 MiB   4937.9 MiB           1   @profile(stream=fp)
    76                                         def perform_zkp_circuit(graph: Graph, query: str, params: dict, is_single=False):
    77   4937.9 MiB      0.0 MiB           1       stage_extracter = StageExtracter()
    78   4937.9 MiB      0.0 MiB           1       rdflib.plugins.sparql.CUSTOM_EVALS["ZKPQueryEval"] = stage_extracter.ZKPQueryEval
    79   4937.9 MiB      0.0 MiB           1       print_and_write(f"INFO: Param proof {params['proof']}...")
    80                                         
    81   4937.9 MiB      0.0 MiB           1       start = time.time()
    82   4937.9 MiB      0.0 MiB           1       results = process_query(graph, query)
    83   4937.9 MiB      0.0 MiB           1       print_and_write(f"INFO: Number of query results: {len(list(results))}")
    84   4937.9 MiB      0.0 MiB           1       end = time.time()
    85   4937.9 MiB      0.0 MiB           1       print_and_write(f"INFO: Query execution time: {end - start}\n")
    86                                             
    87   4937.9 MiB      0.0 MiB           1       start = time.time()
    88   4937.9 MiB      0.0 MiB           1       if is_single:
    89                                                 zkp_exe_results = ZKPSingleHandler(stage_extracter.get_stage_vals()).build()
    90                                             else:
    91   4938.3 MiB      0.3 MiB           1           zkp_exe_results = ZKPSuperHandler(stage_extracter.get_stage_vals(), params).build(log_path=LOG_FILE)
    92   4938.3 MiB      0.0 MiB           1       end = time.time()
    93   4938.3 MiB      0.0 MiB           1       print_and_write(f"INFO: perform_zkp execution time: {end - start}\n")
    94                                             
    95   4938.3 MiB      0.0 MiB           1       return zkp_exe_results


Filename: /home/cc/src/personalized-zkp-rdflib/src/zkp-sparql/main.py

Line #    Mem usage    Increment  Occurrences   Line Contents
=============================================================
    75   4938.3 MiB   4938.3 MiB           1   @profile(stream=fp)
    76                                         def perform_zkp_circuit(graph: Graph, query: str, params: dict, is_single=False):
    77   4938.3 MiB      0.0 MiB           1       stage_extracter = StageExtracter()
    78   4938.3 MiB      0.0 MiB           1       rdflib.plugins.sparql.CUSTOM_EVALS["ZKPQueryEval"] = stage_extracter.ZKPQueryEval
    79   4938.3 MiB      0.0 MiB           1       print_and_write(f"INFO: Param proof {params['proof']}...")
    80                                         
    81   4938.3 MiB      0.0 MiB           1       start = time.time()
    82  13095.1 MiB   8156.9 MiB           1       results = process_query(graph, query)
    83  13095.1 MiB      0.0 MiB           1       print_and_write(f"INFO: Number of query results: {len(list(results))}")
    84  13095.1 MiB      0.0 MiB           1       end = time.time()
    85  13095.1 MiB      0.0 MiB           1       print_and_write(f"INFO: Query execution time: {end - start}\n")
    86                                             
    87  13095.1 MiB      0.0 MiB           1       start = time.time()
    88  13095.1 MiB      0.0 MiB           1       if is_single:
    89                                                 zkp_exe_results = ZKPSingleHandler(stage_extracter.get_stage_vals()).build()
    90                                             else:
    91  13101.4 MiB      6.3 MiB           1           zkp_exe_results = ZKPSuperHandler(stage_extracter.get_stage_vals(), params).build(log_path=LOG_FILE)
    92  13101.4 MiB      0.0 MiB           1       end = time.time()
    93  13101.4 MiB      0.0 MiB           1       print_and_write(f"INFO: perform_zkp execution time: {end - start}\n")
    94                                             
    95  13101.4 MiB      0.0 MiB           1       return zkp_exe_results


Filename: /home/cc/src/personalized-zkp-rdflib/src/zkp-sparql/main.py

Line #    Mem usage    Increment  Occurrences   Line Contents
=============================================================
    75  13493.3 MiB  13493.3 MiB           1   @profile(stream=fp)
    76                                         def perform_zkp_circuit(graph: Graph, query: str, params: dict, is_single=False):
    77  13493.3 MiB      0.0 MiB           1       stage_extracter = StageExtracter()
    78   7209.4 MiB  -6283.9 MiB           1       rdflib.plugins.sparql.CUSTOM_EVALS["ZKPQueryEval"] = stage_extracter.ZKPQueryEval
    79   7209.4 MiB      0.0 MiB           1       print_and_write(f"INFO: Param proof {params['proof']}...")
    80                                         
    81   7209.4 MiB      0.0 MiB           1       start = time.time()
    82   7209.4 MiB      0.0 MiB           1       results = process_query(graph, query)
    83   7209.4 MiB      0.0 MiB           1       print_and_write(f"INFO: Number of query results: {len(list(results))}")
    84   7209.4 MiB      0.0 MiB           1       end = time.time()
    85   7209.4 MiB      0.0 MiB           1       print_and_write(f"INFO: Query execution time: {end - start}\n")
    86                                             
    87   7209.4 MiB      0.0 MiB           1       start = time.time()
    88   7209.4 MiB      0.0 MiB           1       if is_single:
    89                                                 zkp_exe_results = ZKPSingleHandler(stage_extracter.get_stage_vals()).build()
    90                                             else:
    91   7209.7 MiB      0.3 MiB           1           zkp_exe_results = ZKPSuperHandler(stage_extracter.get_stage_vals(), params).build(log_path=LOG_FILE)
    92   7209.7 MiB      0.0 MiB           1       end = time.time()
    93   7209.7 MiB      0.0 MiB           1       print_and_write(f"INFO: perform_zkp execution time: {end - start}\n")
    94                                             
    95   7209.7 MiB      0.0 MiB           1       return zkp_exe_results


Filename: /home/cc/src/personalized-zkp-rdflib/src/zkp-sparql/main.py

Line #    Mem usage    Increment  Occurrences   Line Contents
=============================================================
    75   7209.7 MiB   7209.7 MiB           1   @profile(stream=fp)
    76                                         def perform_zkp_circuit(graph: Graph, query: str, params: dict, is_single=False):
    77   7209.7 MiB      0.0 MiB           1       stage_extracter = StageExtracter()
    78   7209.7 MiB      0.0 MiB           1       rdflib.plugins.sparql.CUSTOM_EVALS["ZKPQueryEval"] = stage_extracter.ZKPQueryEval
    79   7209.7 MiB      0.0 MiB           1       print_and_write(f"INFO: Param proof {params['proof']}...")
    80                                         
    81   7209.7 MiB      0.0 MiB           1       start = time.time()
    82   7209.7 MiB      0.0 MiB           1       results = process_query(graph, query)
    83   7209.7 MiB      0.0 MiB           1       print_and_write(f"INFO: Number of query results: {len(list(results))}")
    84   7209.7 MiB      0.0 MiB           1       end = time.time()
    85   7209.7 MiB      0.0 MiB           1       print_and_write(f"INFO: Query execution time: {end - start}\n")
    86                                             
    87   7209.7 MiB      0.0 MiB           1       start = time.time()
    88   7209.7 MiB      0.0 MiB           1       if is_single:
    89                                                 zkp_exe_results = ZKPSingleHandler(stage_extracter.get_stage_vals()).build()
    90                                             else:
    91   7209.8 MiB      0.1 MiB           1           zkp_exe_results = ZKPSuperHandler(stage_extracter.get_stage_vals(), params).build(log_path=LOG_FILE)
    92   7209.8 MiB      0.0 MiB           1       end = time.time()
    93   7209.8 MiB      0.0 MiB           1       print_and_write(f"INFO: perform_zkp execution time: {end - start}\n")
    94                                             
    95   7209.8 MiB      0.0 MiB           1       return zkp_exe_results


Filename: /home/cc/src/personalized-zkp-rdflib/src/zkp-sparql/main.py

Line #    Mem usage    Increment  Occurrences   Line Contents
=============================================================
    75   7209.8 MiB   7209.8 MiB           1   @profile(stream=fp)
    76                                         def perform_zkp_circuit(graph: Graph, query: str, params: dict, is_single=False):
    77   7209.8 MiB      0.0 MiB           1       stage_extracter = StageExtracter()
    78   7209.8 MiB      0.0 MiB           1       rdflib.plugins.sparql.CUSTOM_EVALS["ZKPQueryEval"] = stage_extracter.ZKPQueryEval
    79   7209.8 MiB      0.0 MiB           1       print_and_write(f"INFO: Param proof {params['proof']}...")
    80                                         
    81   7209.8 MiB      0.0 MiB           1       start = time.time()
    82   7209.8 MiB      0.0 MiB           1       results = process_query(graph, query)
    83   7209.8 MiB      0.0 MiB           1       print_and_write(f"INFO: Number of query results: {len(list(results))}")
    84   7209.8 MiB      0.0 MiB           1       end = time.time()
    85   7209.8 MiB      0.0 MiB           1       print_and_write(f"INFO: Query execution time: {end - start}\n")
    86                                             
    87   7209.8 MiB      0.0 MiB           1       start = time.time()
    88   7209.8 MiB      0.0 MiB           1       if is_single:
    89                                                 zkp_exe_results = ZKPSingleHandler(stage_extracter.get_stage_vals()).build()
    90                                             else:
    91   7209.6 MiB     -0.2 MiB           1           zkp_exe_results = ZKPSuperHandler(stage_extracter.get_stage_vals(), params).build(log_path=LOG_FILE)
    92   7209.6 MiB      0.0 MiB           1       end = time.time()
    93   7209.6 MiB      0.0 MiB           1       print_and_write(f"INFO: perform_zkp execution time: {end - start}\n")
    94                                             
    95   7209.6 MiB      0.0 MiB           1       return zkp_exe_results


Filename: /home/cc/src/personalized-zkp-rdflib/src/zkp-sparql/main.py

Line #    Mem usage    Increment  Occurrences   Line Contents
=============================================================
    75   7209.6 MiB   7209.6 MiB           1   @profile(stream=fp)
    76                                         def perform_zkp_circuit(graph: Graph, query: str, params: dict, is_single=False):
    77   7209.6 MiB      0.0 MiB           1       stage_extracter = StageExtracter()
    78   7209.6 MiB      0.0 MiB           1       rdflib.plugins.sparql.CUSTOM_EVALS["ZKPQueryEval"] = stage_extracter.ZKPQueryEval
    79   7209.6 MiB      0.0 MiB           1       print_and_write(f"INFO: Param proof {params['proof']}...")
    80                                         
    81   7209.6 MiB      0.0 MiB           1       start = time.time()
    82   7209.6 MiB      0.0 MiB           1       results = process_query(graph, query)
    83   7209.6 MiB      0.0 MiB           1       print_and_write(f"INFO: Number of query results: {len(list(results))}")
    84   7209.6 MiB      0.0 MiB           1       end = time.time()
    85   7209.6 MiB      0.0 MiB           1       print_and_write(f"INFO: Query execution time: {end - start}\n")
    86                                             
    87   7209.6 MiB      0.0 MiB           1       start = time.time()
    88   7209.6 MiB      0.0 MiB           1       if is_single:
    89                                                 zkp_exe_results = ZKPSingleHandler(stage_extracter.get_stage_vals()).build()
    90                                             else:
    91   7209.9 MiB      0.3 MiB           1           zkp_exe_results = ZKPSuperHandler(stage_extracter.get_stage_vals(), params).build(log_path=LOG_FILE)
    92   7209.9 MiB      0.0 MiB           1       end = time.time()
    93   7208.9 MiB     -1.0 MiB           1       print_and_write(f"INFO: perform_zkp execution time: {end - start}\n")
    94                                             
    95   7208.9 MiB      0.0 MiB           1       return zkp_exe_results


Filename: /home/cc/src/personalized-zkp-rdflib/src/zkp-sparql/main.py

Line #    Mem usage    Increment  Occurrences   Line Contents
=============================================================
    75   7208.9 MiB   7208.9 MiB           1   @profile(stream=fp)
    76                                         def perform_zkp_circuit(graph: Graph, query: str, params: dict, is_single=False):
    77   7208.9 MiB      0.0 MiB           1       stage_extracter = StageExtracter()
    78   7208.9 MiB      0.0 MiB           1       rdflib.plugins.sparql.CUSTOM_EVALS["ZKPQueryEval"] = stage_extracter.ZKPQueryEval
    79   7208.9 MiB      0.0 MiB           1       print_and_write(f"INFO: Param proof {params['proof']}...")
    80                                         
    81   7208.9 MiB      0.0 MiB           1       start = time.time()
    82   6612.3 MiB   -596.6 MiB           1       results = process_query(graph, query)
    83   6612.3 MiB      0.0 MiB           1       print_and_write(f"INFO: Number of query results: {len(list(results))}")
    84   6612.3 MiB      0.0 MiB           1       end = time.time()
    85   6612.3 MiB      0.0 MiB           1       print_and_write(f"INFO: Query execution time: {end - start}\n")
    86                                             
    87   6612.3 MiB      0.0 MiB           1       start = time.time()
    88   6612.3 MiB      0.0 MiB           1       if is_single:
    89                                                 zkp_exe_results = ZKPSingleHandler(stage_extracter.get_stage_vals()).build()
    90                                             else:
    91   6611.8 MiB     -0.5 MiB           1           zkp_exe_results = ZKPSuperHandler(stage_extracter.get_stage_vals(), params).build(log_path=LOG_FILE)
    92   6611.8 MiB      0.0 MiB           1       end = time.time()
    93   6611.8 MiB      0.0 MiB           1       print_and_write(f"INFO: perform_zkp execution time: {end - start}\n")
    94                                             
    95   6611.8 MiB      0.0 MiB           1       return zkp_exe_results


Filename: /home/cc/src/personalized-zkp-rdflib/src/zkp-sparql/main.py

Line #    Mem usage    Increment  Occurrences   Line Contents
=============================================================
    75   6609.8 MiB   6609.8 MiB           1   @profile(stream=fp)
    76                                         def perform_zkp_circuit(graph: Graph, query: str, params: dict, is_single=False):
    77   6609.8 MiB      0.0 MiB           1       stage_extracter = StageExtracter()
    78   6367.0 MiB   -242.8 MiB           1       rdflib.plugins.sparql.CUSTOM_EVALS["ZKPQueryEval"] = stage_extracter.ZKPQueryEval
    79   6367.0 MiB      0.0 MiB           1       print_and_write(f"INFO: Param proof {params['proof']}...")
    80                                         
    81   6367.0 MiB      0.0 MiB           1       start = time.time()
    82   6367.0 MiB      0.0 MiB           1       results = process_query(graph, query)
    83   6367.0 MiB      0.0 MiB           1       print_and_write(f"INFO: Number of query results: {len(list(results))}")
    84   6367.0 MiB      0.0 MiB           1       end = time.time()
    85   6367.0 MiB      0.0 MiB           1       print_and_write(f"INFO: Query execution time: {end - start}\n")
    86                                             
    87   6367.0 MiB      0.0 MiB           1       start = time.time()
    88   6367.0 MiB      0.0 MiB           1       if is_single:
    89                                                 zkp_exe_results = ZKPSingleHandler(stage_extracter.get_stage_vals()).build()
    90                                             else:
    91   6366.0 MiB     -1.0 MiB           1           zkp_exe_results = ZKPSuperHandler(stage_extracter.get_stage_vals(), params).build(log_path=LOG_FILE)
    92   6366.0 MiB      0.0 MiB           1       end = time.time()
    93   6366.0 MiB      0.0 MiB           1       print_and_write(f"INFO: perform_zkp execution time: {end - start}\n")
    94                                             
    95   6366.0 MiB      0.0 MiB           1       return zkp_exe_results


Filename: /home/cc/src/personalized-zkp-rdflib/src/zkp-sparql/main.py

Line #    Mem usage    Increment  Occurrences   Line Contents
=============================================================
    75   6366.0 MiB   6366.0 MiB           1   @profile(stream=fp)
    76                                         def perform_zkp_circuit(graph: Graph, query: str, params: dict, is_single=False):
    77   6366.0 MiB      0.0 MiB           1       stage_extracter = StageExtracter()
    78   6366.0 MiB      0.0 MiB           1       rdflib.plugins.sparql.CUSTOM_EVALS["ZKPQueryEval"] = stage_extracter.ZKPQueryEval
    79   6366.0 MiB      0.0 MiB           1       print_and_write(f"INFO: Param proof {params['proof']}...")
    80                                         
    81   6366.0 MiB      0.0 MiB           1       start = time.time()
    82   6366.0 MiB      0.0 MiB           1       results = process_query(graph, query)
    83   6366.0 MiB      0.0 MiB           1       print_and_write(f"INFO: Number of query results: {len(list(results))}")
    84   6366.0 MiB      0.0 MiB           1       end = time.time()
    85   6366.0 MiB      0.0 MiB           1       print_and_write(f"INFO: Query execution time: {end - start}\n")
    86                                             
    87   6366.0 MiB      0.0 MiB           1       start = time.time()
    88   6366.0 MiB      0.0 MiB           1       if is_single:
    89                                                 zkp_exe_results = ZKPSingleHandler(stage_extracter.get_stage_vals()).build()
    90                                             else:
    91   6366.0 MiB      0.0 MiB           1           zkp_exe_results = ZKPSuperHandler(stage_extracter.get_stage_vals(), params).build(log_path=LOG_FILE)
    92   6366.0 MiB      0.0 MiB           1       end = time.time()
    93   6366.0 MiB      0.0 MiB           1       print_and_write(f"INFO: perform_zkp execution time: {end - start}\n")
    94                                             
    95   6366.0 MiB      0.0 MiB           1       return zkp_exe_results


Filename: /home/cc/src/personalized-zkp-rdflib/src/zkp-sparql/main.py

Line #    Mem usage    Increment  Occurrences   Line Contents
=============================================================
    75   5924.4 MiB   5924.4 MiB           1   @profile(stream=fp)
    76                                         def perform_zkp_circuit(graph: Graph, query: str, params: dict, is_single=False):
    77   5924.4 MiB      0.0 MiB           1       stage_extracter = StageExtracter()
    78   5922.3 MiB     -2.0 MiB           1       rdflib.plugins.sparql.CUSTOM_EVALS["ZKPQueryEval"] = stage_extracter.ZKPQueryEval
    79   5922.3 MiB      0.0 MiB           1       print_and_write(f"INFO: Param proof {params['proof']}...")
    80                                         
    81   5922.3 MiB      0.0 MiB           1       start = time.time()
    82   5922.3 MiB      0.0 MiB           1       results = process_query(graph, query)
    83   5922.3 MiB      0.0 MiB           1       print_and_write(f"INFO: Number of query results: {len(list(results))}")
    84   5922.3 MiB      0.0 MiB           1       end = time.time()
    85   5922.3 MiB      0.0 MiB           1       print_and_write(f"INFO: Query execution time: {end - start}\n")
    86                                             
    87   5922.3 MiB      0.0 MiB           1       start = time.time()
    88   5922.3 MiB      0.0 MiB           1       if is_single:
    89   5922.3 MiB      0.0 MiB           1           zkp_exe_results = ZKPSingleHandler(stage_extracter.get_stage_vals()).build()
    90                                             else:
    91                                                 zkp_exe_results = ZKPSuperHandler(stage_extracter.get_stage_vals(), params).build(log_path=LOG_FILE)
    92   5922.3 MiB      0.0 MiB           1       end = time.time()
    93   5922.3 MiB      0.0 MiB           1       print_and_write(f"INFO: perform_zkp execution time: {end - start}\n")
    94                                             
    95   5922.3 MiB      0.0 MiB           1       return zkp_exe_results


